/Users/daniil/Хакатоны/ЦП СВФО/Data-work/dataset_Coqui/dataset/luga_converted/21_11_2023/2023_11_21__10_36_30.wav,осадить на шестнадцать вагонов
/Users/daniil/Хакатоны/ЦП СВФО/Data-work/dataset_Coqui/dataset/luga_converted/03_07_2023/3fa6773a-846e-11ee-a42e-c09bf4619c03.wav,протянуть на четыре вагона
/Users/daniil/Хакатоны/ЦП СВФО/Data-work/dataset_Coqui/dataset/luga_converted/21_11_2023/2023_11_21__12_11_04.wav,осадить на двадцать восемь вагонов
/Users/daniil/Хакатоны/ЦП СВФО/Data-work/dataset_Coqui/dataset/luga_converted/21_11_2023/2023_11_21__12_08_41.wav,протянуть на восемнадцать вагонов
/Users/daniil/Хакатоны/ЦП СВФО/Data-work/dataset_Coqui/dataset/luga_converted/03_07_2023/3fa7b8a7-846e-11ee-b32b-c09bf4619c03.wav,протянуть на восемнадцать вагонов
/Users/daniil/Хакатоны/ЦП СВФО/Data-work/dataset_Coqui/dataset/luga_converted/03_07_2023/3fa602e7-846e-11ee-b44e-c09bf4619c03.wav,протянуть на восемь вагонов
/Users/daniil/Хакатоны/ЦП СВФО/Data-work/dataset_Coqui/dataset/luga_converted/15_11_2023/2023_11_15__09_41_44.wav,вышел из межвагонного пространства
/Users/daniil/Хакатоны/ЦП СВФО/Data-work/dataset_Coqui/dataset/luga_converted/03_07_2023/3f9ce515-846e-11ee-bb13-c09bf4619c03.wav,осадить на один вагон
/Users/daniil/Хакатоны/ЦП СВФО/Data-work/dataset_Coqui/dataset/luga_converted/03_07_2023/3fc0e2ca-846e-11ee-b2b4-c09bf4619c03.wav,осадить на пять вагонов
/Users/daniil/Хакатоны/ЦП СВФО/Data-work/dataset_Coqui/dataset/luga_converted/15_11_2023/2023_11_15__10_27_36.wav,захожу в межвагонное пространство
/Users/daniil/Хакатоны/ЦП СВФО/Data-work/dataset_Coqui/dataset/luga_converted/03_07_2023/3fa91a68-846e-11ee-bea6-c09bf4619c03.wav,протянуть на тринадцать вагонов
/Users/daniil/Хакатоны/ЦП СВФО/Data-work/dataset_Coqui/dataset/luga_converted/21_11_2023/2023_11_21__10_09_37.wav,назад на башмак
/Users/daniil/Хакатоны/ЦП СВФО/Data-work/dataset_Coqui/dataset/luga_converted/21_11_2023/2023_11_21__12_37_13.wav,отказ
/Users/daniil/Хакатоны/ЦП СВФО/Data-work/dataset_Coqui/dataset/luga_converted/03_07_2023/3fb9bdcf-846e-11ee-8d0a-c09bf4619c03.wav,вперед на башмак
/Users/daniil/Хакатоны/ЦП СВФО/Data-work/dataset_Coqui/dataset/luga_converted/15_11_2023/2023_11_15__11_35_32.wav,тише
/Users/daniil/Хакатоны/ЦП СВФО/Data-work/dataset_Coqui/dataset/luga_converted/21_11_2023/2023_11_21__10_26_40.wav,назад на башмак
/Users/daniil/Хакатоны/ЦП СВФО/Data-work/dataset_Coqui/dataset/luga_converted/15_11_2023/2023_11_15__10_55_13.wav,отказ
/Users/daniil/Хакатоны/ЦП СВФО/Data-work/dataset_Coqui/dataset/luga_converted/03_07_2023/3fb252f7-846e-11ee-bd64-c09bf4619c03.wav,осадить на три вагона
/Users/daniil/Хакатоны/ЦП СВФО/Data-work/dataset_Coqui/dataset/luga_converted/02_11_2023/2023_11_02__10_39_18.wav,осадить на восемьдесят три вагона
/Users/daniil/Хакатоны/ЦП СВФО/Data-work/dataset_Coqui/dataset/luga_converted/15_11_2023/2023_11_15__09_51_38.wav,остановка
/Users/daniil/Хакатоны/ЦП СВФО/Data-work/dataset_Coqui/dataset/luga_converted/15_11_2023/2023_11_15__09_41_25.wav,вышел из межвагонного пространства
/Users/daniil/Хакатоны/ЦП СВФО/Data-work/dataset_Coqui/dataset/luga_converted/11_10_2023/2023_10_11__09_32_51.wav,вперед на башмак
/Users/daniil/Хакатоны/ЦП СВФО/Data-work/dataset_Coqui/dataset/luga_converted/02_11_2023/2023_11_02__10_42_59.wav,осадить на двадцать семь вагонов
/Users/daniil/Хакатоны/ЦП СВФО/Data-work/dataset_Coqui/dataset/luga_converted/03_07_2023/3f9a726b-846e-11ee-8c10-c09bf4619c03.wav,осадить на пятнадцать вагонов
/Users/daniil/Хакатоны/ЦП СВФО/Data-work/dataset_Coqui/dataset/luga_converted/15_11_2023/2023_11_15__09_24_08.wav,остановка
/Users/daniil/Хакатоны/ЦП СВФО/Data-work/dataset_Coqui/dataset/luga_converted/21_11_2023/2023_11_21__09_54_58.wav,назад с башмака
/Users/daniil/Хакатоны/ЦП СВФО/Data-work/dataset_Coqui/dataset/luga_converted/02_11_2023/2023_11_02__10_38_20.wav,осадить на восемьдесят девять вагонов
/Users/daniil/Хакатоны/ЦП СВФО/Data-work/dataset_Coqui/dataset/luga_converted/15_11_2023/2023_11_15__10_26_12.wav,осадить на семнадцать вагонов
/Users/daniil/Хакатоны/ЦП СВФО/Data-work/dataset_Coqui/dataset/luga_converted/03_07_2023/3f9cb90e-846e-11ee-bd44-c09bf4619c03.wav,осадить на семь вагонов
/Users/daniil/Хакатоны/ЦП СВФО/Data-work/dataset_Coqui/dataset/luga_converted/02_11_2023/2023_11_02__10_40_27.wav,осадить на восемьдесят два вагона
/Users/daniil/Хакатоны/ЦП СВФО/Data-work/dataset_Coqui/dataset/luga_converted/03_07_2023/3fb0eb30-846e-11ee-bf9a-c09bf4619c03.wav,осадить на девять вагонов
/Users/daniil/Хакатоны/ЦП СВФО/Data-work/dataset_Coqui/dataset/luga_converted/21_11_2023/2023_11_21__10_45_01.wav,протянуть на двадцать семь вагонов
/Users/daniil/Хакатоны/ЦП СВФО/Data-work/dataset_Coqui/dataset/luga_converted/15_11_2023/2023_11_15__11_26_36.wav,протянуть на четырнадцать вагонов
/Users/daniil/Хакатоны/ЦП СВФО/Data-work/dataset_Coqui/dataset/luga_converted/03_07_2023/3fa793d8-846e-11ee-9b54-c09bf4619c03.wav,протянуть на пять вагонов
/Users/daniil/Хакатоны/ЦП СВФО/Data-work/dataset_Coqui/dataset/luga_converted/03_07_2023/3fa6e97b-846e-11ee-b075-c09bf4619c03.wav,протянуть на одиннадцать вагонов
/Users/daniil/Хакатоны/ЦП СВФО/Data-work/dataset_Coqui/dataset/luga_converted/15_11_2023/2023_11_15__10_53_09.wav,захожу в межвагонное пространство
/Users/daniil/Хакатоны/ЦП СВФО/Data-work/dataset_Coqui/dataset/luga_converted/03_07_2023/3f9e302f-846e-11ee-9066-c09bf4619c03.wav,осадить на четыре вагона
/Users/daniil/Хакатоны/ЦП СВФО/Data-work/dataset_Coqui/dataset/luga_converted/15_11_2023/2023_11_15__11_43_21.wav,отцепка
/Users/daniil/Хакатоны/ЦП СВФО/Data-work/dataset_Coqui/dataset/luga_converted/03_07_2023/3fbe8597-846e-11ee-9cc9-c09bf4619c03.wav,сжать автосцепки
/Users/daniil/Хакатоны/ЦП СВФО/Data-work/dataset_Coqui/dataset/luga_converted/15_11_2023/2023_11_15__10_32_17.wav,осадить на девятнадцать вагонов
/Users/daniil/Хакатоны/ЦП СВФО/Data-work/dataset_Coqui/dataset/luga_converted/15_11_2023/2023_11_15__10_35_40.wav,вперед на башмак
/Users/daniil/Хакатоны/ЦП СВФО/Data-work/dataset_Coqui/dataset/luga_converted/03_07_2023/3fadc46d-846e-11ee-9015-c09bf4619c03.wav,прекратить зарядку тормозной магистрали
/Users/daniil/Хакатоны/ЦП СВФО/Data-work/dataset_Coqui/dataset/luga_converted/02_11_2023/2023_11_02__10_43_37.wav,осадить на двадцать шесть вагонов
/Users/daniil/Хакатоны/ЦП СВФО/Data-work/dataset_Coqui/dataset/luga_converted/02_11_2023/2023_11_02__10_34_00.wav,вышел из межвагонного пространства
/Users/daniil/Хакатоны/ЦП СВФО/Data-work/dataset_Coqui/dataset/luga_converted/21_11_2023/2023_11_21__10_49_13.wav,вперед с башмака
/Users/daniil/Хакатоны/ЦП СВФО/Data-work/dataset_Coqui/dataset/luga_converted/15_11_2023/2023_11_15__11_35_42.wav,тише
/Users/daniil/Хакатоны/ЦП СВФО/Data-work/dataset_Coqui/dataset/luga_converted/21_11_2023/2023_11_21__09_51_40.wav,назад на башмак
/Users/daniil/Хакатоны/ЦП СВФО/Data-work/dataset_Coqui/dataset/luga_converted/15_11_2023/2023_11_15__11_21_04.wav,протянуть на тринадцать вагонов
/Users/daniil/Хакатоны/ЦП СВФО/Data-work/dataset_Coqui/dataset/luga_converted/03_07_2023/3fae175c-846e-11ee-a0ce-c09bf4619c03.wav,вышел из межвагонного пространства
/Users/daniil/Хакатоны/ЦП СВФО/Data-work/dataset_Coqui/dataset/luga_converted/15_11_2023/2023_11_15__11_38_51.wav,прекратить зарядку тормозной магистрали
/Users/daniil/Хакатоны/ЦП СВФО/Data-work/dataset_Coqui/dataset/luga_converted/03_07_2023/3f9b72b5-846e-11ee-b2ab-c09bf4619c03.wav,осадить на пять вагонов
/Users/daniil/Хакатоны/ЦП СВФО/Data-work/dataset_Coqui/dataset/luga_converted/15_11_2023/2023_11_15__10_23_01.wav,растянуть автосцепки
/Users/daniil/Хакатоны/ЦП СВФО/Data-work/dataset_Coqui/dataset/luga_converted/21_11_2023/2023_11_21__10_29_51.wav,тормозить
/Users/daniil/Хакатоны/ЦП СВФО/Data-work/dataset_Coqui/dataset/luga_converted/02_11_2023/2023_11_02__10_36_21.wav,осадить на восемь вагонов
/Users/daniil/Хакатоны/ЦП СВФО/Data-work/dataset_Coqui/dataset/luga_converted/21_11_2023/2023_11_21__12_08_54.wav,осадить на двенадцать вагонов
/Users/daniil/Хакатоны/ЦП СВФО/Data-work/dataset_Coqui/dataset/luga_converted/03_07_2023/3fa86287-846e-11ee-8bdd-c09bf4619c03.wav,протянуть на девять вагонов
/Users/daniil/Хакатоны/ЦП СВФО/Data-work/dataset_Coqui/dataset/luga_converted/11_10_2023/2023_10_11__09_58_18.wav,протянуть на три вагона
/Users/daniil/Хакатоны/ЦП СВФО/Data-work/dataset_Coqui/dataset/luga_converted/21_11_2023/2023_11_21__12_41_06.wav,осадить на восемнадцать вагонов
/Users/daniil/Хакатоны/ЦП СВФО/Data-work/dataset_Coqui/dataset/luga_converted/15_11_2023/2023_11_15__10_56_24.wav,начать осаживание
/Users/daniil/Хакатоны/ЦП СВФО/Data-work/dataset_Coqui/dataset/luga_converted/15_11_2023/2023_11_15__11_10_10.wav,осадить на один вагон
/Users/daniil/Хакатоны/ЦП СВФО/Data-work/dataset_Coqui/dataset/luga_converted/21_11_2023/2023_11_21__09_53_09.wav,вперед на башмак
/Users/daniil/Хакатоны/ЦП СВФО/Data-work/dataset_Coqui/dataset/luga_converted/11_10_2023/2023_10_11__09_32_40.wav,тише
/Users/daniil/Хакатоны/ЦП СВФО/Data-work/dataset_Coqui/dataset/luga_converted/03_07_2023/3f9d5d5e-846e-11ee-b773-c09bf4619c03.wav,осадить на пятнадцать вагонов
/Users/daniil/Хакатоны/ЦП СВФО/Data-work/dataset_Coqui/dataset/luga_converted/02_11_2023/2023_11_02__10_35_35.wav,отпустить
/Users/daniil/Хакатоны/ЦП СВФО/Data-work/dataset_Coqui/dataset/luga_converted/03_07_2023/3fb28b93-846e-11ee-979c-c09bf4619c03.wav,осадить на четыре вагона
/Users/daniil/Хакатоны/ЦП СВФО/Data-work/dataset_Coqui/dataset/luga_converted/15_11_2023/2023_11_15__10_25_18.wav,начать осаживание
/Users/daniil/Хакатоны/ЦП СВФО/Data-work/dataset_Coqui/dataset/luga_converted/03_07_2023/3fb7e709-846e-11ee-941a-c09bf4619c03.wav,протянуть на восемь вагонов
/Users/daniil/Хакатоны/ЦП СВФО/Data-work/dataset_Coqui/dataset/luga_converted/03_07_2023/3f988668-846e-11ee-9b41-c09bf4619c03.wav,подтверждение
/Users/daniil/Хакатоны/ЦП СВФО/Data-work/dataset_Coqui/dataset/luga_converted/15_11_2023/2023_11_15__09_40_40.wav,растянуть автосцепки
/Users/daniil/Хакатоны/ЦП СВФО/Data-work/dataset_Coqui/dataset/luga_converted/15_11_2023/2023_11_15__10_36_38.wav,протянуть на девять вагонов
/Users/daniil/Хакатоны/ЦП СВФО/Data-work/dataset_Coqui/dataset/luga_converted/03_07_2023/3fba2d30-846e-11ee-8d39-c09bf4619c03.wav,осадить на три вагона
/Users/daniil/Хакатоны/ЦП СВФО/Data-work/dataset_Coqui/dataset/luga_converted/15_11_2023/2023_11_15__11_22_35.wav,отпустить
/Users/daniil/Хакатоны/ЦП СВФО/Data-work/dataset_Coqui/dataset/luga_converted/15_11_2023/2023_11_15__11_14_44.wav,продолжаем роспуск
/Users/daniil/Хакатоны/ЦП СВФО/Data-work/dataset_Coqui/dataset/luga_converted/03_07_2023/3fa35682-846e-11ee-885e-c09bf4619c03.wav,протянуть на девять вагонов
/Users/daniil/Хакатоны/ЦП СВФО/Data-work/dataset_Coqui/dataset/luga_converted/03_07_2023/3fa5115a-846e-11ee-ac48-c09bf4619c03.wav,протянуть на один вагон
/Users/daniil/Хакатоны/ЦП СВФО/Data-work/dataset_Coqui/dataset/luga_converted/15_11_2023/2023_11_15__11_14_32.wav,осадить на десять вагонов
/Users/daniil/Хакатоны/ЦП СВФО/Data-work/dataset_Coqui/dataset/luga_converted/11_10_2023/2023_10_11__09_44_03.wav,отказ
/Users/daniil/Хакатоны/ЦП СВФО/Data-work/dataset_Coqui/dataset/luga_converted/03_07_2023/3f9ccd52-846e-11ee-bae1-c09bf4619c03.wav,осадить на девятнадцать вагонов
/Users/daniil/Хакатоны/ЦП СВФО/Data-work/dataset_Coqui/dataset/luga_converted/03_07_2023/3fa6c3e7-846e-11ee-ae2e-c09bf4619c03.wav,протянуть на пятнадцать вагонов
/Users/daniil/Хакатоны/ЦП СВФО/Data-work/dataset_Coqui/dataset/luga_converted/21_11_2023/2023_11_21__10_05_25.wav,протянуть на двадцать семь вагонов
/Users/daniil/Хакатоны/ЦП СВФО/Data-work/dataset_Coqui/dataset/luga_converted/21_11_2023/2023_11_21__12_07_24.wav,протянуть на двадцать вагонов вперед
/Users/daniil/Хакатоны/ЦП СВФО/Data-work/dataset_Coqui/dataset/luga_converted/21_11_2023/2023_11_21__09_54_01.wav,вперед с башмака
/Users/daniil/Хакатоны/ЦП СВФО/Data-work/dataset_Coqui/dataset/luga_converted/15_11_2023/2023_11_15__10_32_07.wav,остановка
/Users/daniil/Хакатоны/ЦП СВФО/Data-work/dataset_Coqui/dataset/luga_converted/03_07_2023/3fb9e4ed-846e-11ee-b1b4-c09bf4619c03.wav,осадить на восемь вагонов
/Users/daniil/Хакатоны/ЦП СВФО/Data-work/dataset_Coqui/dataset/luga_converted/03_07_2023/3f9d4804-846e-11ee-a4c6-c09bf4619c03.wav,осадить на тринадцать вагонов
/Users/daniil/Хакатоны/ЦП СВФО/Data-work/dataset_Coqui/dataset/luga_converted/15_11_2023/2023_11_15__11_02_25.wav,вперед на башмак
/Users/daniil/Хакатоны/ЦП СВФО/Data-work/dataset_Coqui/dataset/luga_converted/15_11_2023/2023_11_15__11_19_39.wav,захожу в межвагонное пространство
/Users/daniil/Хакатоны/ЦП СВФО/Data-work/dataset_Coqui/dataset/luga_converted/21_11_2023/2023_11_21__12_39_30.wav,протянуть на семнадцать вагонов
/Users/daniil/Хакатоны/ЦП СВФО/Data-work/dataset_Coqui/dataset/luga_converted/03_07_2023/3fb21b46-846e-11ee-87b2-c09bf4619c03.wav,осадить на восемь вагонов
/Users/daniil/Хакатоны/ЦП СВФО/Data-work/dataset_Coqui/dataset/luga_converted/03_07_2023/3f9d225b-846e-11ee-afc0-c09bf4619c03.wav,осадить на четырнадцать вагонов
/Users/daniil/Хакатоны/ЦП СВФО/Data-work/dataset_Coqui/dataset/luga_converted/03_07_2023/3fbea4c4-846e-11ee-aad7-c09bf4619c03.wav,сжать автосцепки
/Users/daniil/Хакатоны/ЦП СВФО/Data-work/dataset_Coqui/dataset/luga_converted/21_11_2023/2023_11_21__13_00_46.wav,назад на башмак
/Users/daniil/Хакатоны/ЦП СВФО/Data-work/dataset_Coqui/dataset/luga_converted/15_11_2023/2023_11_15__10_55_04.wav,подтверждение
/Users/daniil/Хакатоны/ЦП СВФО/Data-work/dataset_Coqui/dataset/luga_converted/15_11_2023/2023_11_15__10_55_22.wav,протянуть на три вагона
/Users/daniil/Хакатоны/ЦП СВФО/Data-work/dataset_Coqui/dataset/luga_converted/15_11_2023/2023_11_15__10_20_17.wav,протянуть на двадцать вагонов
/Users/daniil/Хакатоны/ЦП СВФО/Data-work/dataset_Coqui/dataset/luga_converted/02_11_2023/2023_11_02__10_43_25.wav,осадить на двадцать четыре вагона
/Users/daniil/Хакатоны/ЦП СВФО/Data-work/dataset_Coqui/dataset/luga_converted/21_11_2023/2023_11_21__12_10_14.wav,протянуть на двадцать семь вагонов
/Users/daniil/Хакатоны/ЦП СВФО/Data-work/dataset_Coqui/dataset/luga_converted/03_07_2023/3fa02391-846e-11ee-a8cb-c09bf4619c03.wav,осадить на три вагона
/Users/daniil/Хакатоны/ЦП СВФО/Data-work/dataset_Coqui/dataset/luga_converted/11_10_2023/2023_10_11__09_58_29.wav,протянуть на четыре вагона
/Users/daniil/Хакатоны/ЦП СВФО/Data-work/dataset_Coqui/dataset/luga_converted/03_07_2023/3fa71052-846e-11ee-bbb2-c09bf4619c03.wav,протянуть на десять вагонов
/Users/daniil/Хакатоны/ЦП СВФО/Data-work/dataset_Coqui/dataset/luga_converted/03_07_2023/3fb532ae-846e-11ee-a684-c09bf4619c03.wav,осадить на пятнадцать вагонов
/Users/daniil/Хакатоны/ЦП СВФО/Data-work/dataset_Coqui/dataset/luga_converted/03_07_2023/3fba693b-846e-11ee-845d-c09bf4619c03.wav,осадить на двенадцать вагонов
/Users/daniil/Хакатоны/ЦП СВФО/Data-work/dataset_Coqui/dataset/luga_converted/15_11_2023/2023_11_15__11_27_43.wav,отмена
/Users/daniil/Хакатоны/ЦП СВФО/Data-work/dataset_Coqui/dataset/luga_converted/03_07_2023/3fbb1081-846e-11ee-aced-c09bf4619c03.wav,осадить на одиннадцать вагонов
/Users/daniil/Хакатоны/ЦП СВФО/Data-work/dataset_Coqui/dataset/luga_converted/15_11_2023/2023_11_15__11_38_41.wav,зарядка тормозной магистрали
/Users/daniil/Хакатоны/ЦП СВФО/Data-work/dataset_Coqui/dataset/luga_converted/03_07_2023/3fa9b155-846e-11ee-913e-c09bf4619c03.wav,отмена
/Users/daniil/Хакатоны/ЦП СВФО/Data-work/dataset_Coqui/dataset/luga_converted/21_11_2023/2023_11_21__10_48_23.wav,отмена
/Users/daniil/Хакатоны/ЦП СВФО/Data-work/dataset_Coqui/dataset/luga_converted/21_11_2023/2023_11_21__10_01_19.wav,отказ
/Users/daniil/Хакатоны/ЦП СВФО/Data-work/dataset_Coqui/dataset/luga_converted/21_11_2023/2023_11_21__12_09_39.wav,осадить на восемнадцать вагонов
/Users/daniil/Хакатоны/ЦП СВФО/Data-work/dataset_Coqui/dataset/luga_converted/03_07_2023/3fbb925e-846e-11ee-bce1-c09bf4619c03.wav,осадить на семь вагонов
/Users/daniil/Хакатоны/ЦП СВФО/Data-work/dataset_Coqui/dataset/luga_converted/02_11_2023/2023_11_02__10_52_29.wav,тормозить
/Users/daniil/Хакатоны/ЦП СВФО/Data-work/dataset_Coqui/dataset/luga_converted/03_07_2023/3fc16945-846e-11ee-b863-c09bf4619c03.wav,осадить на четыре вагона
/Users/daniil/Хакатоны/ЦП СВФО/Data-work/dataset_Coqui/dataset/luga_converted/21_11_2023/2023_11_21__12_04_53.wav,вперед с башмака
/Users/daniil/Хакатоны/ЦП СВФО/Data-work/dataset_Coqui/dataset/luga_converted/02_11_2023/2023_11_02__10_44_23.wav,осадить на один вагон
/Users/daniil/Хакатоны/ЦП СВФО/Data-work/dataset_Coqui/dataset/luga_converted/15_11_2023/2023_11_15__09_46_32.wav,тормозить
/Users/daniil/Хакатоны/ЦП СВФО/Data-work/dataset_Coqui/dataset/luga_converted/21_11_2023/2023_11_21__12_43_40.wav,осадить на двадцать восемь вагонов
/Users/daniil/Хакатоны/ЦП СВФО/Data-work/dataset_Coqui/dataset/luga_converted/03_07_2023/3f98f779-846e-11ee-b891-c09bf4619c03.wav,зарядка тормозной магистрали
/Users/daniil/Хакатоны/ЦП СВФО/Data-work/dataset_Coqui/dataset/luga_converted/03_07_2023/3fac37f1-846e-11ee-94b3-c09bf4619c03.wav,осадить на восемь вагонов
/Users/daniil/Хакатоны/ЦП СВФО/Data-work/dataset_Coqui/dataset/luga_converted/02_11_2023/2023_11_02__10_49_36.wav,протянуть на восемнадцать вагонов
/Users/daniil/Хакатоны/ЦП СВФО/Data-work/dataset_Coqui/dataset/luga_converted/03_07_2023/3fb2e88e-846e-11ee-b33c-c09bf4619c03.wav,осадить на шестнадцать вагонов
/Users/daniil/Хакатоны/ЦП СВФО/Data-work/dataset_Coqui/dataset/luga_converted/03_07_2023/3fa72297-846e-11ee-a15a-c09bf4619c03.wav,протянуть на девять вагонов
/Users/daniil/Хакатоны/ЦП СВФО/Data-work/dataset_Coqui/dataset/luga_converted/21_11_2023/2023_11_21__10_10_55.wav,осадить на двадцать шесть вагонов
/Users/daniil/Хакатоны/ЦП СВФО/Data-work/dataset_Coqui/dataset/luga_converted/02_11_2023/2023_11_02__10_51_06.wav,протянуть на пятнадцать вагонов
/Users/daniil/Хакатоны/ЦП СВФО/Data-work/dataset_Coqui/dataset/luga_converted/15_11_2023/2023_11_15__11_02_07.wav,растянуть автосцепки
/Users/daniil/Хакатоны/ЦП СВФО/Data-work/dataset_Coqui/dataset/luga_converted/03_07_2023/3f98da18-846e-11ee-9086-c09bf4619c03.wav,вышел из межвагонного пространства
/Users/daniil/Хакатоны/ЦП СВФО/Data-work/dataset_Coqui/dataset/luga_converted/02_11_2023/2023_11_02__10_32_48.wav,вперед с башмака
/Users/daniil/Хакатоны/ЦП СВФО/Data-work/dataset_Coqui/dataset/luga_converted/03_07_2023/3f9f8cd9-846e-11ee-a422-c09bf4619c03.wav,осадить на четыре вагона
/Users/daniil/Хакатоны/ЦП СВФО/Data-work/dataset_Coqui/dataset/luga_converted/21_11_2023/2023_11_21__13_06_47.wav,протянуть на шестнадцать вагонов
/Users/daniil/Хакатоны/ЦП СВФО/Data-work/dataset_Coqui/dataset/luga_converted/21_11_2023/2023_11_21__10_39_06.wav,осадить на двадцать шесть вагонов
/Users/daniil/Хакатоны/ЦП СВФО/Data-work/dataset_Coqui/dataset/luga_converted/03_07_2023/3f9aa033-846e-11ee-a310-c09bf4619c03.wav,осадить на одиннадцать вагонов
/Users/daniil/Хакатоны/ЦП СВФО/Data-work/dataset_Coqui/dataset/luga_converted/03_07_2023/3fbd05bc-846e-11ee-89dd-c09bf4619c03.wav,осадить на девятнадцать вагонов
/Users/daniil/Хакатоны/ЦП СВФО/Data-work/dataset_Coqui/dataset/luga_converted/21_11_2023/2023_11_21__10_38_03.wav,осадить на восемнадцать вагонов
/Users/daniil/Хакатоны/ЦП СВФО/Data-work/dataset_Coqui/dataset/luga_converted/02_11_2023/2023_11_02__10_37_05.wav,осадить на восемьдесят два вагона
/Users/daniil/Хакатоны/ЦП СВФО/Data-work/dataset_Coqui/dataset/luga_converted/03_07_2023/3fa5950c-846e-11ee-b1cd-c09bf4619c03.wav,протянуть на два вагона
/Users/daniil/Хакатоны/ЦП СВФО/Data-work/dataset_Coqui/dataset/luga_converted/15_11_2023/2023_11_15__11_22_02.wav,отмена
/Users/daniil/Хакатоны/ЦП СВФО/Data-work/dataset_Coqui/dataset/luga_converted/03_07_2023/3fa68a5f-846e-11ee-9825-c09bf4619c03.wav,протянуть на семнадцать вагонов
/Users/daniil/Хакатоны/ЦП СВФО/Data-work/dataset_Coqui/dataset/luga_converted/11_10_2023/2023_10_11__09_58_39.wav,протянуть на пять вагонов
/Users/daniil/Хакатоны/ЦП СВФО/Data-work/dataset_Coqui/dataset/luga_converted/15_11_2023/2023_11_15__11_14_01.wav,подтверждение
/Users/daniil/Хакатоны/ЦП СВФО/Data-work/dataset_Coqui/dataset/luga_converted/02_11_2023/2023_11_02__10_38_50.wav,осадить на восемьдесят пять вагонов
/Users/daniil/Хакатоны/ЦП СВФО/Data-work/dataset_Coqui/dataset/luga_converted/03_07_2023/3fa4c69c-846e-11ee-b3f1-c09bf4619c03.wav,протянуть на девять вагонов
/Users/daniil/Хакатоны/ЦП СВФО/Data-work/dataset_Coqui/dataset/luga_converted/02_11_2023/2023_11_02__10_42_46.wav,осадить на двадцать семь вагонов
/Users/daniil/Хакатоны/ЦП СВФО/Data-work/dataset_Coqui/dataset/luga_converted/03_07_2023/3fbcc145-846e-11ee-9d64-c09bf4619c03.wav,осадить на девять вагонов
/Users/daniil/Хакатоны/ЦП СВФО/Data-work/dataset_Coqui/dataset/luga_converted/03_07_2023/3fb47401-846e-11ee-8c8b-c09bf4619c03.wav,осадить на девять вагонов
/Users/daniil/Хакатоны/ЦП СВФО/Data-work/dataset_Coqui/dataset/luga_converted/15_11_2023/2023_11_15__09_28_43.wav,отказ
/Users/daniil/Хакатоны/ЦП СВФО/Data-work/dataset_Coqui/dataset/luga_converted/03_07_2023/3fb26629-846e-11ee-911b-c09bf4619c03.wav,осадить на десять вагонов
/Users/daniil/Хакатоны/ЦП СВФО/Data-work/dataset_Coqui/dataset/luga_converted/21_11_2023/2023_11_21__12_05_19.wav,отпустить
/Users/daniil/Хакатоны/ЦП СВФО/Data-work/dataset_Coqui/dataset/luga_converted/03_07_2023/3fba9e02-846e-11ee-b839-c09bf4619c03.wav,осадить на семнадцать вагонов
/Users/daniil/Хакатоны/ЦП СВФО/Data-work/dataset_Coqui/dataset/luga_converted/03_07_2023/3f98e8bd-846e-11ee-b80c-c09bf4619c03.wav,подтверждение
/Users/daniil/Хакатоны/ЦП СВФО/Data-work/dataset_Coqui/dataset/luga_converted/11_10_2023/2023_10_11__10_14_41.wav,протянуть на одиннадцать вагонов
/Users/daniil/Хакатоны/ЦП СВФО/Data-work/dataset_Coqui/dataset/luga_converted/21_11_2023/2023_11_21__10_10_41.wav,назад с башмака
/Users/daniil/Хакатоны/ЦП СВФО/Data-work/dataset_Coqui/dataset/luga_converted/03_07_2023/3fa0751d-846e-11ee-9333-c09bf4619c03.wav,осадить на два вагона
/Users/daniil/Хакатоны/ЦП СВФО/Data-work/dataset_Coqui/dataset/luga_converted/11_10_2023/2023_10_11__10_14_13.wav,протянуть на восемь вагонов
/Users/daniil/Хакатоны/ЦП СВФО/Data-work/dataset_Coqui/dataset/luga_converted/03_07_2023/3fa6fcc3-846e-11ee-87a0-c09bf4619c03.wav,протянуть на шестнадцать вагонов
/Users/daniil/Хакатоны/ЦП СВФО/Data-work/dataset_Coqui/dataset/luga_converted/15_11_2023/2023_11_15__11_20_54.wav,осадить на двадцать вагонов
/Users/daniil/Хакатоны/ЦП СВФО/Data-work/dataset_Coqui/dataset/luga_converted/03_07_2023/3fa9e7c4-846e-11ee-9ac3-c09bf4619c03.wav,вперед с башмака
/Users/daniil/Хакатоны/ЦП СВФО/Data-work/dataset_Coqui/dataset/luga_converted/02_11_2023/2023_11_02__10_40_14.wav,осадить на два вагона
/Users/daniil/Хакатоны/ЦП СВФО/Data-work/dataset_Coqui/dataset/luga_converted/21_11_2023/2023_11_21__10_38_13.wav,продолжаем роспуск
/Users/daniil/Хакатоны/ЦП СВФО/Data-work/dataset_Coqui/dataset/luga_converted/02_11_2023/2023_11_02__10_46_25.wav,осадить на три вагона
/Users/daniil/Хакатоны/ЦП СВФО/Data-work/dataset_Coqui/dataset/luga_converted/15_11_2023/2023_11_15__11_19_50.wav,прекратить зарядку тормозной магистрали
/Users/daniil/Хакатоны/ЦП СВФО/Data-work/dataset_Coqui/dataset/luga_converted/15_11_2023/2023_11_15__10_27_21.wav,продолжаем осаживание
/Users/daniil/Хакатоны/ЦП СВФО/Data-work/dataset_Coqui/dataset/luga_converted/03_07_2023/3fc11d13-846e-11ee-87fe-c09bf4619c03.wav,осадить на восемь вагонов
/Users/daniil/Хакатоны/ЦП СВФО/Data-work/dataset_Coqui/dataset/luga_converted/11_10_2023/2023_10_11__10_13_45.wav,протянуть на пять вагонов
/Users/daniil/Хакатоны/ЦП СВФО/Data-work/dataset_Coqui/dataset/luga_converted/03_07_2023/3fa76dc6-846e-11ee-9903-c09bf4619c03.wav,протянуть на четыре вагона
/Users/daniil/Хакатоны/ЦП СВФО/Data-work/dataset_Coqui/dataset/luga_converted/21_11_2023/2023_11_21__10_31_24.wav,отмена
/Users/daniil/Хакатоны/ЦП СВФО/Data-work/dataset_Coqui/dataset/luga_converted/03_07_2023/3fb98df1-846e-11ee-ba5b-c09bf4619c03.wav,захожу в межвагонное пространство
/Users/daniil/Хакатоны/ЦП СВФО/Data-work/dataset_Coqui/dataset/luga_converted/11_10_2023/2023_10_11__10_14_23.wav,протянуть на девять вагонов
/Users/daniil/Хакатоны/ЦП СВФО/Data-work/dataset_Coqui/dataset/luga_converted/15_11_2023/2023_11_15__09_48_44.wav,остановка
/Users/daniil/Хакатоны/ЦП СВФО/Data-work/dataset_Coqui/dataset/luga_converted/03_07_2023/3fa0c50c-846e-11ee-bf81-c09bf4619c03.wav,осадить на семь вагонов
/Users/daniil/Хакатоны/ЦП СВФО/Data-work/dataset_Coqui/dataset/luga_converted/02_11_2023/2023_11_02__10_52_54.wav,тормозить
/Users/daniil/Хакатоны/ЦП СВФО/Data-work/dataset_Coqui/dataset/luga_converted/15_11_2023/2023_11_15__11_36_32.wav,назад на башмак
/Users/daniil/Хакатоны/ЦП СВФО/Data-work/dataset_Coqui/dataset/luga_converted/21_11_2023/2023_11_21__13_12_18.wav,протянуть на двадцать семь вагонов
/Users/daniil/Хакатоны/ЦП СВФО/Data-work/dataset_Coqui/dataset/luga_converted/15_11_2023/2023_11_15__11_21_28.wav,начать осаживание
/Users/daniil/Хакатоны/ЦП СВФО/Data-work/dataset_Coqui/dataset/luga_converted/15_11_2023/2023_11_15__11_09_58.wav,протянуть на девятнадцать вагонов
/Users/daniil/Хакатоны/ЦП СВФО/Data-work/dataset_Coqui/dataset/luga_converted/15_11_2023/2023_11_15__09_48_31.wav,остановка
/Users/daniil/Хакатоны/ЦП СВФО/Data-work/dataset_Coqui/dataset/luga_converted/03_07_2023/3fa7ee1a-846e-11ee-84b2-c09bf4619c03.wav,протянуть на три вагона
/Users/daniil/Хакатоны/ЦП СВФО/Data-work/dataset_Coqui/dataset/luga_converted/03_07_2023/3fa9c20e-846e-11ee-a9c3-c09bf4619c03.wav,остановка
/Users/daniil/Хакатоны/ЦП СВФО/Data-work/dataset_Coqui/dataset/luga_converted/15_11_2023/2023_11_15__11_23_36.wav,остановка
/Users/daniil/Хакатоны/ЦП СВФО/Data-work/dataset_Coqui/dataset/luga_converted/21_11_2023/2023_11_21__10_49_23.wav,назад с башмака
/Users/daniil/Хакатоны/ЦП СВФО/Data-work/dataset_Coqui/dataset/luga_converted/21_11_2023/2023_11_21__10_36_16.wav,осадить на двенадцать вагонов
/Users/daniil/Хакатоны/ЦП СВФО/Data-work/dataset_Coqui/dataset/luga_converted/03_07_2023/3fc0bcff-846e-11ee-8d60-c09bf4619c03.wav,осадить на девять вагонов
/Users/daniil/Хакатоны/ЦП СВФО/Data-work/dataset_Coqui/dataset/luga_converted/21_11_2023/2023_11_21__10_01_02.wav,отмена
/Users/daniil/Хакатоны/ЦП СВФО/Data-work/dataset_Coqui/dataset/luga_converted/15_11_2023/2023_11_15__11_42_56.wav,отпустить
/Users/daniil/Хакатоны/ЦП СВФО/Data-work/dataset_Coqui/dataset/luga_converted/11_10_2023/2023_10_11__09_33_52.wav,сжать автосцепки
/Users/daniil/Хакатоны/ЦП СВФО/Data-work/dataset_Coqui/dataset/luga_converted/15_11_2023/2023_11_15__11_40_10.wav,осадить на шесть вагонов
/Users/daniil/Хакатоны/ЦП СВФО/Data-work/dataset_Coqui/dataset/luga_converted/03_07_2023/3fa88b88-846e-11ee-a75e-c09bf4619c03.wav,протянуть на семь вагонов
/Users/daniil/Хакатоны/ЦП СВФО/Data-work/dataset_Coqui/dataset/luga_converted/15_11_2023/2023_11_15__10_43_28.wav,остановка
/Users/daniil/Хакатоны/ЦП СВФО/Data-work/dataset_Coqui/dataset/luga_converted/03_07_2023/3f991650-846e-11ee-a3ff-c09bf4619c03.wav,отказ
/Users/daniil/Хакатоны/ЦП СВФО/Data-work/dataset_Coqui/dataset/luga_converted/02_11_2023/2023_11_02__10_42_19.wav,осадить на двадцать пять вагонов
/Users/daniil/Хакатоны/ЦП СВФО/Data-work/dataset_Coqui/dataset/luga_converted/15_11_2023/2023_11_15__11_24_16.wav,осадить на семнадцать вагонов
/Users/daniil/Хакатоны/ЦП СВФО/Data-work/dataset_Coqui/dataset/luga_converted/21_11_2023/2023_11_21__13_00_08.wav,назад с башмака
/Users/daniil/Хакатоны/ЦП СВФО/Data-work/dataset_Coqui/dataset/luga_converted/15_11_2023/2023_11_15__10_41_02.wav,остановка
/Users/daniil/Хакатоны/ЦП СВФО/Data-work/dataset_Coqui/dataset/luga_converted/21_11_2023/2023_11_21__12_47_52.wav,протянуть на двадцать восемь вагонов
/Users/daniil/Хакатоны/ЦП СВФО/Data-work/dataset_Coqui/dataset/luga_converted/21_11_2023/2023_11_21__10_41_18.wav,протянуть на двадцать шесть вагонов
/Users/daniil/Хакатоны/ЦП СВФО/Data-work/dataset_Coqui/dataset/luga_converted/03_07_2023/3fb170c4-846e-11ee-931a-c09bf4619c03.wav,осадить на четырнадцать вагонов
/Users/daniil/Хакатоны/ЦП СВФО/Data-work/dataset_Coqui/dataset/luga_converted/03_07_2023/3fac4d2c-846e-11ee-988f-c09bf4619c03.wav,осадить на два вагона
/Users/daniil/Хакатоны/ЦП СВФО/Data-work/dataset_Coqui/dataset/luga_converted/15_11_2023/2023_11_15__09_41_13.wav,захожу в межвагонное пространство
/Users/daniil/Хакатоны/ЦП СВФО/Data-work/dataset_Coqui/dataset/luga_converted/03_07_2023/3fa5ef80-846e-11ee-8bfe-c09bf4619c03.wav,протянуть на восемь вагонов
/Users/daniil/Хакатоны/ЦП СВФО/Data-work/dataset_Coqui/dataset/luga_converted/03_07_2023/3fbe55aa-846e-11ee-87a4-c09bf4619c03.wav,тише
/Users/daniil/Хакатоны/ЦП СВФО/Data-work/dataset_Coqui/dataset/luga_converted/03_07_2023/3fbed04e-846e-11ee-95f6-c09bf4619c03.wav,остановка
/Users/daniil/Хакатоны/ЦП СВФО/Data-work/dataset_Coqui/dataset/luga_converted/02_11_2023/2023_11_02__10_35_22.wav,начать осаживание
/Users/daniil/Хакатоны/ЦП СВФО/Data-work/dataset_Coqui/dataset/luga_converted/03_07_2023/3f9d9652-846e-11ee-b1e5-c09bf4619c03.wav,осадить на четырнадцать вагонов
/Users/daniil/Хакатоны/ЦП СВФО/Data-work/dataset_Coqui/dataset/luga_converted/11_10_2023/2023_10_11__09_30_59.wav,остановка
/Users/daniil/Хакатоны/ЦП СВФО/Data-work/dataset_Coqui/dataset/luga_converted/02_11_2023/2023_11_02__10_41_36.wav,осадить на двадцать два вагона
/Users/daniil/Хакатоны/ЦП СВФО/Data-work/dataset_Coqui/dataset/luga_converted/03_07_2023/3f989900-846e-11ee-a3c2-c09bf4619c03.wav,растянуть автосцепки
/Users/daniil/Хакатоны/ЦП СВФО/Data-work/dataset_Coqui/dataset/luga_converted/02_11_2023/2023_11_02__10_51_50.wav,растянуть автосцепки
/Users/daniil/Хакатоны/ЦП СВФО/Data-work/dataset_Coqui/dataset/luga_converted/11_10_2023/2023_10_11__10_08_02.wav,осадить на двенадцать вагонов
/Users/daniil/Хакатоны/ЦП СВФО/Data-work/dataset_Coqui/dataset/luga_converted/02_11_2023/2023_11_02__10_52_03.wav,сжать автосцепки
/Users/daniil/Хакатоны/ЦП СВФО/Data-work/dataset_Coqui/dataset/luga_converted/21_11_2023/2023_11_21__13_00_36.wav,вперед на башмак
/Users/daniil/Хакатоны/ЦП СВФО/Data-work/dataset_Coqui/dataset/luga_converted/03_07_2023/3fa5a871-846e-11ee-b3ff-c09bf4619c03.wav,протянуть на шесть вагонов
/Users/daniil/Хакатоны/ЦП СВФО/Data-work/dataset_Coqui/dataset/luga_converted/03_07_2023/3fbb5514-846e-11ee-88be-c09bf4619c03.wav,осадить на девять вагонов
/Users/daniil/Хакатоны/ЦП СВФО/Data-work/dataset_Coqui/dataset/luga_converted/15_11_2023/2023_11_15__10_38_55.wav,отцепка
/Users/daniil/Хакатоны/ЦП СВФО/Data-work/dataset_Coqui/dataset/luga_converted/03_07_2023/3fb29e78-846e-11ee-83a8-c09bf4619c03.wav,осадить на семнадцать вагонов
/Users/daniil/Хакатоны/ЦП СВФО/Data-work/dataset_Coqui/dataset/luga_converted/15_11_2023/2023_11_15__11_32_07.wav,вперед на башмак
/Users/daniil/Хакатоны/ЦП СВФО/Data-work/dataset_Coqui/dataset/luga_converted/11_10_2023/2023_10_11__09_33_28.wav,вперед с башмака
/Users/daniil/Хакатоны/ЦП СВФО/Data-work/dataset_Coqui/dataset/luga_converted/21_11_2023/2023_11_21__10_26_19.wav,назад с башмака
/Users/daniil/Хакатоны/ЦП СВФО/Data-work/dataset_Coqui/dataset/luga_converted/03_07_2023/3fb49ae0-846e-11ee-abbd-c09bf4619c03.wav,осадить на семь вагонов
/Users/daniil/Хакатоны/ЦП СВФО/Data-work/dataset_Coqui/dataset/luga_converted/03_07_2023/3fa8f21c-846e-11ee-a813-c09bf4619c03.wav,протянуть на четырнадцать вагонов
/Users/daniil/Хакатоны/ЦП СВФО/Data-work/dataset_Coqui/dataset/luga_converted/03_07_2023/3f999f41-846e-11ee-91ef-c09bf4619c03.wav,осадить на три вагона
/Users/daniil/Хакатоны/ЦП СВФО/Data-work/dataset_Coqui/dataset/luga_converted/21_11_2023/2023_11_21__10_29_12.wav,назад на башмак
/Users/daniil/Хакатоны/ЦП СВФО/Data-work/dataset_Coqui/dataset/luga_converted/15_11_2023/2023_11_15__11_34_21.wav,подтверждение
/Users/daniil/Хакатоны/ЦП СВФО/Data-work/dataset_Coqui/dataset/luga_converted/15_11_2023/2023_11_15__09_41_02.wav,прекратить зарядку тормозной магистрали
/Users/daniil/Хакатоны/ЦП СВФО/Data-work/dataset_Coqui/dataset/luga_converted/03_07_2023/3fa19b17-846e-11ee-816b-c09bf4619c03.wav,осадить на два вагона
/Users/daniil/Хакатоны/ЦП СВФО/Data-work/dataset_Coqui/dataset/luga_converted/15_11_2023/2023_11_15__09_48_18.wav,продолжаем осаживание
/Users/daniil/Хакатоны/ЦП СВФО/Data-work/dataset_Coqui/dataset/luga_converted/21_11_2023/2023_11_21__10_47_33.wav,тормозить
/Users/daniil/Хакатоны/ЦП СВФО/Data-work/dataset_Coqui/dataset/luga_converted/03_07_2023/3fba8522-846e-11ee-85af-c09bf4619c03.wav,осадить на четыре вагона
/Users/daniil/Хакатоны/ЦП СВФО/Data-work/dataset_Coqui/dataset/luga_converted/21_11_2023/2023_11_21__12_36_14.wav,отпустить
/Users/daniil/Хакатоны/ЦП СВФО/Data-work/dataset_Coqui/dataset/luga_converted/02_11_2023/2023_11_02__10_40_00.wav,осадить на восемьдесят шесть вагонов
/Users/daniil/Хакатоны/ЦП СВФО/Data-work/dataset_Coqui/dataset/luga_converted/03_07_2023/3fb68187-846e-11ee-8f7a-c09bf4619c03.wav,протянуть на шесть вагонов
/Users/daniil/Хакатоны/ЦП СВФО/Data-work/dataset_Coqui/dataset/luga_converted/03_07_2023/3f98aa99-846e-11ee-a159-c09bf4619c03.wav,назад на башмак
/Users/daniil/Хакатоны/ЦП СВФО/Data-work/dataset_Coqui/dataset/luga_converted/21_11_2023/2023_11_21__13_05_36.wav,отцепка
/Users/daniil/Хакатоны/ЦП СВФО/Data-work/dataset_Coqui/dataset/luga_converted/02_11_2023/2023_11_02__10_39_47.wav,осадить на восемьдесят шесть вагонов
/Users/daniil/Хакатоны/ЦП СВФО/Data-work/dataset_Coqui/dataset/luga_converted/21_11_2023/2023_11_21__12_39_40.wav,протянуть на восемнадцать вагонов
/Users/daniil/Хакатоны/ЦП СВФО/Data-work/dataset_Coqui/dataset/luga_converted/03_07_2023/3fa28469-846e-11ee-907e-c09bf4619c03.wav,протянуть на десять вагонов
/Users/daniil/Хакатоны/ЦП СВФО/Data-work/dataset_Coqui/dataset/luga_converted/15_11_2023/2023_11_15__11_36_07.wav,вперед на башмак
/Users/daniil/Хакатоны/ЦП СВФО/Data-work/dataset_Coqui/dataset/luga_converted/03_07_2023/3fc14308-846e-11ee-8356-c09bf4619c03.wav,осадить на десять вагонов
/Users/daniil/Хакатоны/ЦП СВФО/Data-work/dataset_Coqui/dataset/luga_converted/03_07_2023/3f98cb34-846e-11ee-b5c9-c09bf4619c03.wav,захожу в межвагонное пространство
/Users/daniil/Хакатоны/ЦП СВФО/Data-work/dataset_Coqui/dataset/luga_converted/21_11_2023/2023_11_21__10_05_53.wav,осадить на двадцать шесть вагонов
/Users/daniil/Хакатоны/ЦП СВФО/Data-work/dataset_Coqui/dataset/luga_converted/15_11_2023/2023_11_15__09_24_51.wav,подтверждение
/Users/daniil/Хакатоны/ЦП СВФО/Data-work/dataset_Coqui/dataset/luga_converted/03_07_2023/3fb2fbaf-846e-11ee-96a6-c09bf4619c03.wav,осадить на одиннадцать вагонов
/Users/daniil/Хакатоны/ЦП СВФО/Data-work/dataset_Coqui/dataset/luga_converted/21_11_2023/2023_11_21__12_04_39.wav,назад на башмак
/Users/daniil/Хакатоны/ЦП СВФО/Data-work/dataset_Coqui/dataset/luga_converted/03_07_2023/3fb37e45-846e-11ee-85c4-c09bf4619c03.wav,осадить на четыре вагона
/Users/daniil/Хакатоны/ЦП СВФО/Data-work/dataset_Coqui/dataset/luga_converted/03_07_2023/3f9ab4c8-846e-11ee-8423-c09bf4619c03.wav,осадить на шестнадцать вагонов
/Users/daniil/Хакатоны/ЦП СВФО/Data-work/dataset_Coqui/dataset/luga_converted/21_11_2023/2023_11_21__10_03_10.wav,осадить на семнадцать вагонов
/Users/daniil/Хакатоны/ЦП СВФО/Data-work/dataset_Coqui/dataset/luga_converted/11_10_2023/2023_10_11__09_58_57.wav,протянуть на шесть вагонов
/Users/daniil/Хакатоны/ЦП СВФО/Data-work/dataset_Coqui/dataset/luga_converted/02_11_2023/2023_11_02__10_51_19.wav,протянуть на пятнадцать вагонов
/Users/daniil/Хакатоны/ЦП СВФО/Data-work/dataset_Coqui/dataset/luga_converted/15_11_2023/2023_11_15__11_20_00.wav,вышел из межвагонного пространства
/Users/daniil/Хакатоны/ЦП СВФО/Data-work/dataset_Coqui/dataset/luga_converted/03_07_2023/3fb99d6f-846e-11ee-ac64-c09bf4619c03.wav,отказ
/Users/daniil/Хакатоны/ЦП СВФО/Data-work/dataset_Coqui/dataset/luga_converted/03_07_2023/3fa65153-846e-11ee-a0d5-c09bf4619c03.wav,протянуть на десять вагонов
/Users/daniil/Хакатоны/ЦП СВФО/Data-work/dataset_Coqui/dataset/luga_converted/03_07_2023/3fbe64ea-846e-11ee-8195-c09bf4619c03.wav,отмена
/Users/daniil/Хакатоны/ЦП СВФО/Data-work/dataset_Coqui/dataset/luga_converted/03_07_2023/3fa6b0d3-846e-11ee-ab40-c09bf4619c03.wav,протянуть на девятнадцать вагонов
/Users/daniil/Хакатоны/ЦП СВФО/Data-work/dataset_Coqui/dataset/luga_converted/15_11_2023/2023_11_15__09_46_08.wav,продолжаем осаживание
/Users/daniil/Хакатоны/ЦП СВФО/Data-work/dataset_Coqui/dataset/luga_converted/02_11_2023/2023_11_02__10_38_34.wav,осадить на восемьдесят один вагон
/Users/daniil/Хакатоны/ЦП СВФО/Data-work/dataset_Coqui/dataset/luga_converted/03_07_2023/3fb7ad7d-846e-11ee-9867-c09bf4619c03.wav,протянуть на пять вагонов
/Users/daniil/Хакатоны/ЦП СВФО/Data-work/dataset_Coqui/dataset/luga_converted/03_07_2023/3fa7dc5c-846e-11ee-8bdd-c09bf4619c03.wav,протянуть на двадцать вагонов
/Users/daniil/Хакатоны/ЦП СВФО/Data-work/dataset_Coqui/dataset/luga_converted/21_11_2023/2023_11_21__10_39_32.wav,осадить на двадцать семь вагонов
/Users/daniil/Хакатоны/ЦП СВФО/Data-work/dataset_Coqui/dataset/luga_converted/03_07_2023/3fa5dfad-846e-11ee-b737-c09bf4619c03.wav,растянуть автосцепки
/Users/daniil/Хакатоны/ЦП СВФО/Data-work/dataset_Coqui/dataset/luga_converted/11_10_2023/2023_10_11__09_44_26.wav,протянуть на два вагона
/Users/daniil/Хакатоны/ЦП СВФО/Data-work/dataset_Coqui/dataset/luga_converted/11_10_2023/2023_10_11__10_13_36.wav,протянуть на четыре вагона
/Users/daniil/Хакатоны/ЦП СВФО/Data-work/dataset_Coqui/dataset/luga_converted/15_11_2023/2023_11_15__10_56_41.wav,отцепка
/Users/daniil/Хакатоны/ЦП СВФО/Data-work/dataset_Coqui/dataset/luga_converted/02_11_2023/2023_11_02__10_40_54.wav,осадить на двадцать вагонов
/Users/daniil/Хакатоны/ЦП СВФО/Data-work/dataset_Coqui/dataset/luga_converted/03_07_2023/3fac8573-846e-11ee-816a-c09bf4619c03.wav,осадить на четыре вагона
/Users/daniil/Хакатоны/ЦП СВФО/Data-work/dataset_Coqui/dataset/luga_converted/21_11_2023/2023_11_21__12_08_06.wav,протянуть на шестнадцать вагонов
/Users/daniil/Хакатоны/ЦП СВФО/Data-work/dataset_Coqui/dataset/luga_converted/15_11_2023/2023_11_15__11_01_53.wav,вышел из межвагонного пространства
/Users/daniil/Хакатоны/ЦП СВФО/Data-work/dataset_Coqui/dataset/luga_converted/15_11_2023/2023_11_15__11_22_45.wav,отцепка
/Users/daniil/Хакатоны/ЦП СВФО/Data-work/dataset_Coqui/dataset/luga_converted/03_07_2023/3fb58e34-846e-11ee-9103-c09bf4619c03.wav,подтверждение
/Users/daniil/Хакатоны/ЦП СВФО/Data-work/dataset_Coqui/dataset/luga_converted/15_11_2023/2023_11_15__11_18_32.wav,прекратить зарядку тормозной магистрали
/Users/daniil/Хакатоны/ЦП СВФО/Data-work/dataset_Coqui/dataset/luga_converted/02_11_2023/2023_11_02__10_44_41.wav,осадить на одиннадцать вагонов
/Users/daniil/Хакатоны/ЦП СВФО/Data-work/dataset_Coqui/dataset/luga_converted/02_11_2023/2023_11_02__10_42_33.wav,осадить на двадцать пять вагонов
/Users/daniil/Хакатоны/ЦП СВФО/Data-work/dataset_Coqui/dataset/luga_converted/11_10_2023/2023_10_11__10_14_59.wav,протянуть на тринадцать вагонов
/Users/daniil/Хакатоны/ЦП СВФО/Data-work/dataset_Coqui/dataset/luga_converted/03_07_2023/3fb321d4-846e-11ee-b4c7-c09bf4619c03.wav,осадить на десять вагонов
/Users/daniil/Хакатоны/ЦП СВФО/Data-work/dataset_Coqui/dataset/luga_converted/03_07_2023/3fb44e97-846e-11ee-81a0-c09bf4619c03.wav,осадить на два вагона
/Users/daniil/Хакатоны/ЦП СВФО/Data-work/dataset_Coqui/dataset/luga_converted/15_11_2023/2023_11_15__11_27_17.wav,сжать автосцепки
/Users/daniil/Хакатоны/ЦП СВФО/Data-work/dataset_Coqui/dataset/luga_converted/21_11_2023/2023_11_21__12_06_21.wav,отказ
/Users/daniil/Хакатоны/ЦП СВФО/Data-work/dataset_Coqui/dataset/luga_converted/03_07_2023/3fbe746b-846e-11ee-b73c-c09bf4619c03.wav,остановка
/Users/daniil/Хакатоны/ЦП СВФО/Data-work/dataset_Coqui/dataset/luga_converted/03_07_2023/3fa23209-846e-11ee-9763-c09bf4619c03.wav,протянуть на восемь вагонов
/Users/daniil/Хакатоны/ЦП СВФО/Data-work/dataset_Coqui/dataset/luga_converted/03_07_2023/3f99f424-846e-11ee-8b81-c09bf4619c03.wav,осадить на семнадцать вагонов
/Users/daniil/Хакатоны/ЦП СВФО/Data-work/dataset_Coqui/dataset/luga_converted/02_11_2023/2023_11_02__10_48_56.wav,продолжаем роспуск
/Users/daniil/Хакатоны/ЦП СВФО/Data-work/dataset_Coqui/dataset/luga_converted/21_11_2023/2023_11_21__10_05_41.wav,протянуть на двадцать восемь вагонов
/Users/daniil/Хакатоны/ЦП СВФО/Data-work/dataset_Coqui/dataset/luga_converted/03_07_2023/3faf477d-846e-11ee-b05a-c09bf4619c03.wav,осадить на пятнадцать вагонов
/Users/daniil/Хакатоны/ЦП СВФО/Data-work/dataset_Coqui/dataset/luga_converted/15_11_2023/2023_11_15__10_54_45.wav,тише
/Users/daniil/Хакатоны/ЦП СВФО/Data-work/dataset_Coqui/dataset/luga_converted/03_07_2023/3fadf0ea-846e-11ee-9860-c09bf4619c03.wav,тише
/Users/daniil/Хакатоны/ЦП СВФО/Data-work/dataset_Coqui/dataset/luga_converted/03_07_2023/3fa8b450-846e-11ee-91c7-c09bf4619c03.wav,протянуть на один вагон
/Users/daniil/Хакатоны/ЦП СВФО/Data-work/dataset_Coqui/dataset/luga_converted/15_11_2023/2023_11_15__11_16_03.wav,назад с башмака
/Users/daniil/Хакатоны/ЦП СВФО/Data-work/dataset_Coqui/dataset/luga_converted/03_07_2023/3fbb3f6a-846e-11ee-acad-c09bf4619c03.wav,осадить на десять вагонов
/Users/daniil/Хакатоны/ЦП СВФО/Data-work/dataset_Coqui/dataset/luga_converted/21_11_2023/2023_11_21__12_05_41.wav,тормозить
/Users/daniil/Хакатоны/ЦП СВФО/Data-work/dataset_Coqui/dataset/luga_converted/02_11_2023/2023_11_02__10_49_22.wav,продолжаем осаживание
/Users/daniil/Хакатоны/ЦП СВФО/Data-work/dataset_Coqui/dataset/luga_converted/03_07_2023/3f9867c1-846e-11ee-b078-c09bf4619c03.wav,назад на башмак
/Users/daniil/Хакатоны/ЦП СВФО/Data-work/dataset_Coqui/dataset/luga_converted/21_11_2023/2023_11_21__12_10_01.wav,протянуть на двадцать шесть вагонов
/Users/daniil/Хакатоны/ЦП СВФО/Data-work/dataset_Coqui/dataset/luga_converted/03_07_2023/3fa1b4a2-846e-11ee-8d0f-c09bf4619c03.wav,осадить на шесть вагонов
/Users/daniil/Хакатоны/ЦП СВФО/Data-work/dataset_Coqui/dataset/luga_converted/15_11_2023/2023_11_15__10_26_28.wav,остановка
/Users/daniil/Хакатоны/ЦП СВФО/Data-work/dataset_Coqui/dataset/luga_converted/02_11_2023/2023_11_02__10_35_10.wav,назад с башмака
/Users/daniil/Хакатоны/ЦП СВФО/Data-work/dataset_Coqui/dataset/luga_converted/03_07_2023/3f9d6fea-846e-11ee-97d5-c09bf4619c03.wav,осадить на два вагона
/Users/daniil/Хакатоны/ЦП СВФО/Data-work/dataset_Coqui/dataset/luga_converted/15_11_2023/2023_11_15__11_00_12.wav,вышел из межвагонного пространства
/Users/daniil/Хакатоны/ЦП СВФО/Data-work/dataset_Coqui/dataset/luga_converted/03_07_2023/3f995bb0-846e-11ee-917f-c09bf4619c03.wav,осадить на восемь вагонов
/Users/daniil/Хакатоны/ЦП СВФО/Data-work/dataset_Coqui/dataset/luga_converted/03_07_2023/3f9b4978-846e-11ee-ab2f-c09bf4619c03.wav,осадить на четыре вагона
/Users/daniil/Хакатоны/ЦП СВФО/Data-work/dataset_Coqui/dataset/luga_converted/03_07_2023/3fb545d3-846e-11ee-9c47-c09bf4619c03.wav,осадить на два вагона
/Users/daniil/Хакатоны/ЦП СВФО/Data-work/dataset_Coqui/dataset/luga_converted/21_11_2023/2023_11_21__10_31_14.wav,отказ
/Users/daniil/Хакатоны/ЦП СВФО/Data-work/dataset_Coqui/dataset/luga_converted/15_11_2023/2023_11_15__09_29_08.wav,тише
/Users/daniil/Хакатоны/ЦП СВФО/Data-work/dataset_Coqui/dataset/luga_converted/15_11_2023/2023_11_15__10_39_15.wav,отказ
/Users/daniil/Хакатоны/ЦП СВФО/Data-work/dataset_Coqui/dataset/luga_converted/15_11_2023/2023_11_15__10_53_19.wav,вышел из межвагонного пространства
/Users/daniil/Хакатоны/ЦП СВФО/Data-work/dataset_Coqui/dataset/luga_converted/02_11_2023/2023_11_02__10_47_22.wav,отказ
/Users/daniil/Хакатоны/ЦП СВФО/Data-work/dataset_Coqui/dataset/luga_converted/03_07_2023/3fa77f6c-846e-11ee-869b-c09bf4619c03.wav,протянуть на тринадцать вагонов
/Users/daniil/Хакатоны/ЦП СВФО/Data-work/dataset_Coqui/dataset/luga_converted/03_07_2023/3fc28769-846e-11ee-b5b5-c09bf4619c03.wav,прекратить зарядку тормозной магистрали
/Users/daniil/Хакатоны/ЦП СВФО/Data-work/dataset_Coqui/dataset/luga_converted/21_11_2023/2023_11_21__10_49_03.wav,назад на башмак
/Users/daniil/Хакатоны/ЦП СВФО/Data-work/dataset_Coqui/dataset/luga_converted/03_07_2023/3fb2d584-846e-11ee-af3a-c09bf4619c03.wav,осадить на пятнадцать вагонов
/Users/daniil/Хакатоны/ЦП СВФО/Data-work/dataset_Coqui/dataset/luga_converted/03_07_2023/3fae6907-846e-11ee-8921-c09bf4619c03.wav,осадить на восемь вагонов
/Users/daniil/Хакатоны/ЦП СВФО/Data-work/dataset_Coqui/dataset/luga_converted/21_11_2023/2023_11_21__13_04_01.wav,отказ
/Users/daniil/Хакатоны/ЦП СВФО/Data-work/dataset_Coqui/dataset/luga_converted/02_11_2023/2023_11_02__10_48_00.wav,отцепка
/Users/daniil/Хакатоны/ЦП СВФО/Data-work/dataset_Coqui/dataset/luga_converted/02_11_2023/2023_11_02__10_41_09.wav,осадить на двадцать восемь вагонов
/Users/daniil/Хакатоны/ЦП СВФО/Data-work/dataset_Coqui/dataset/luga_converted/21_11_2023/2023_11_21__13_03_36.wav,тормозить
/Users/daniil/Хакатоны/ЦП СВФО/Data-work/dataset_Coqui/dataset/luga_converted/15_11_2023/2023_11_15__09_46_44.wav,отпустить
/Users/daniil/Хакатоны/ЦП СВФО/Data-work/dataset_Coqui/dataset/luga_converted/15_11_2023/2023_11_15__11_34_36.wav,отказ
/Users/daniil/Хакатоны/ЦП СВФО/Data-work/dataset_Coqui/dataset/luga_converted/03_07_2023/3f9b5fdb-846e-11ee-adc6-c09bf4619c03.wav,осадить на тринадцать вагонов
/Users/daniil/Хакатоны/ЦП СВФО/Data-work/dataset_Coqui/dataset/luga_converted/02_11_2023/2023_11_02__10_34_43.wav,назад на башмак
/Users/daniil/Хакатоны/ЦП СВФО/Data-work/dataset_Coqui/dataset/luga_converted/03_07_2023/3fbe279e-846e-11ee-a1ed-c09bf4619c03.wav,сжать автосцепки
/Users/daniil/Хакатоны/ЦП СВФО/Data-work/dataset_Coqui/dataset/luga_converted/15_11_2023/2023_11_15__10_28_46.wav,назад с башмака
/Users/daniil/Хакатоны/ЦП СВФО/Data-work/dataset_Coqui/dataset/luga_converted/03_07_2023/3f9d827e-846e-11ee-85dd-c09bf4619c03.wav,осадить на шесть вагонов
/Users/daniil/Хакатоны/ЦП СВФО/Data-work/dataset_Coqui/dataset/luga_converted/03_07_2023/3fae25fd-846e-11ee-acf4-c09bf4619c03.wav,сжать автосцепки
/Users/daniil/Хакатоны/ЦП СВФО/Data-work/dataset_Coqui/dataset/luga_converted/03_07_2023/3faee37d-846e-11ee-b682-c09bf4619c03.wav,осадить на двенадцать вагонов
/Users/daniil/Хакатоны/ЦП СВФО/Data-work/dataset_Coqui/dataset/luga_converted/15_11_2023/2023_11_15__11_35_01.wav,продолжаем роспуск
/Users/daniil/Хакатоны/ЦП СВФО/Data-work/dataset_Coqui/dataset/luga_converted/11_10_2023/2023_10_11__10_14_32.wav,протянуть на десять вагонов
/Users/daniil/Хакатоны/ЦП СВФО/Data-work/dataset_Coqui/dataset/luga_converted/15_11_2023/2023_11_15__11_20_44.wav,протянуть на один вагон
/Users/daniil/Хакатоны/ЦП СВФО/Data-work/dataset_Coqui/dataset/luga_converted/03_07_2023/3fc1ef65-846e-11ee-ae93-c09bf4619c03.wav,осадить на один вагон
/Users/daniil/Хакатоны/ЦП СВФО/Data-work/dataset_Coqui/dataset/luga_converted/15_11_2023/2023_11_15__10_52_59.wav,зарядка тормозной магистрали
/Users/daniil/Хакатоны/ЦП СВФО/Data-work/dataset_Coqui/dataset/luga_converted/03_07_2023/3f98bbc6-846e-11ee-a454-c09bf4619c03.wav,отцепка
/Users/daniil/Хакатоны/ЦП СВФО/Data-work/dataset_Coqui/dataset/luga_converted/03_07_2023/3faf8202-846e-11ee-b6ab-c09bf4619c03.wav,осадить на шестнадцать вагонов
/Users/daniil/Хакатоны/ЦП СВФО/Data-work/dataset_Coqui/dataset/luga_converted/21_11_2023/2023_11_21__09_53_21.wav,назад на башмак
/Users/daniil/Хакатоны/ЦП СВФО/Data-work/dataset_Coqui/dataset/luga_converted/21_11_2023/2023_11_21__12_05_58.wav,остановка
/Users/daniil/Хакатоны/ЦП СВФО/Data-work/dataset_Coqui/dataset/luga_converted/03_07_2023/3fbe06bd-846e-11ee-964f-c09bf4619c03.wav,вперед с башмака
/Users/daniil/Хакатоны/ЦП СВФО/Data-work/dataset_Coqui/dataset/luga_converted/02_11_2023/2023_11_02__10_43_52.wav,осадить на двенадцать вагонов
/Users/daniil/Хакатоны/ЦП СВФО/Data-work/dataset_Coqui/dataset/luga_converted/02_11_2023/2023_11_02__10_45_10.wav,осадить на пятнадцать вагонов
/Users/daniil/Хакатоны/ЦП СВФО/Data-work/dataset_Coqui/dataset/luga_converted/03_07_2023/3fbd6218-846e-11ee-8591-c09bf4619c03.wav,осадить на четырнадцать вагонов
/Users/daniil/Хакатоны/ЦП СВФО/Data-work/dataset_Coqui/dataset/luga_converted/15_11_2023/2023_11_15__10_31_44.wav,осадить на одиннадцать вагонов
/Users/daniil/Хакатоны/ЦП СВФО/Data-work/dataset_Coqui/dataset/luga_converted/21_11_2023/2023_11_21__12_04_29.wav,вперед на башмак
/Users/daniil/Хакатоны/ЦП СВФО/Data-work/dataset_Coqui/dataset/luga_converted/15_11_2023/2023_11_15__11_42_46.wav,отпустить
/Users/daniil/Хакатоны/ЦП СВФО/Data-work/dataset_Coqui/dataset/luga_converted/15_11_2023/2023_11_15__09_51_01.wav,сжать автосцепки
/Users/daniil/Хакатоны/ЦП СВФО/Data-work/dataset_Coqui/dataset/luga_converted/15_11_2023/2023_11_15__10_46_43.wav,вперед на башмак
/Users/daniil/Хакатоны/ЦП СВФО/Data-work/dataset_Coqui/dataset/luga_converted/21_11_2023/2023_11_21__10_48_33.wav,отцепка
/Users/daniil/Хакатоны/ЦП СВФО/Data-work/dataset_Coqui/dataset/luga_converted/03_07_2023/3fb55825-846e-11ee-8fd5-c09bf4619c03.wav,осадить на шесть вагонов
/Users/daniil/Хакатоны/ЦП СВФО/Data-work/dataset_Coqui/dataset/luga_converted/03_07_2023/3fadd2af-846e-11ee-950a-c09bf4619c03.wav,отмена
/Users/daniil/Хакатоны/ЦП СВФО/Data-work/dataset_Coqui/dataset/luga_converted/21_11_2023/2023_11_21__12_35_08.wav,назад на башмак
/Users/daniil/Хакатоны/ЦП СВФО/Data-work/dataset_Coqui/dataset/luga_converted/15_11_2023/2023_11_15__11_39_24.wav,вышел из межвагонного пространства
/Users/daniil/Хакатоны/ЦП СВФО/Data-work/dataset_Coqui/dataset/luga_converted/15_11_2023/2023_11_15__11_40_32.wav,начать осаживание
/Users/daniil/Хакатоны/ЦП СВФО/Data-work/dataset_Coqui/dataset/luga_converted/03_07_2023/3fae0005-846e-11ee-81bd-c09bf4619c03.wav,захожу в межвагонное пространство
/Users/daniil/Хакатоны/ЦП СВФО/Data-work/dataset_Coqui/dataset/luga_converted/15_11_2023/2023_11_15__11_24_45.wav,протянуть на четырнадцать вагонов
/Users/daniil/Хакатоны/ЦП СВФО/Data-work/dataset_Coqui/dataset/luga_converted/15_11_2023/2023_11_15__11_20_20.wav,вышел из межвагонного пространства
/Users/daniil/Хакатоны/ЦП СВФО/Data-work/dataset_Coqui/dataset/luga_converted/21_11_2023/2023_11_21__12_42_48.wav,осадить на двадцать восемь вагонов
/Users/daniil/Хакатоны/ЦП СВФО/Data-work/dataset_Coqui/dataset/luga_converted/21_11_2023/2023_11_21__12_59_46.wav,вперед с башмака
/Users/daniil/Хакатоны/ЦП СВФО/Data-work/dataset_Coqui/dataset/luga_converted/02_11_2023/2023_11_02__10_33_18.wav,вышел из межвагонного пространства
/Users/daniil/Хакатоны/ЦП СВФО/Data-work/dataset_Coqui/dataset/luga_converted/15_11_2023/2023_11_15__09_50_09.wav,начать осаживание
/Users/daniil/Хакатоны/ЦП СВФО/Data-work/dataset_Coqui/dataset/luga_converted/15_11_2023/2023_11_15__11_26_24.wav,вышел из межвагонного пространства
/Users/daniil/Хакатоны/ЦП СВФО/Data-work/dataset_Coqui/dataset/luga_converted/15_11_2023/2023_11_15__10_29_38.wav,осадить на двадцать вагонов
/Users/daniil/Хакатоны/ЦП СВФО/Data-work/dataset_Coqui/dataset/luga_converted/03_07_2023/3fba4832-846e-11ee-b6f1-c09bf4619c03.wav,осадить на десять вагонов
/Users/daniil/Хакатоны/ЦП СВФО/Data-work/dataset_Coqui/dataset/luga_converted/21_11_2023/2023_11_21__10_32_26.wav,протянуть на двенадцать вагонов
/Users/daniil/Хакатоны/ЦП СВФО/Data-work/dataset_Coqui/dataset/luga_converted/15_11_2023/2023_11_15__11_19_11.wav,захожу в межвагонное пространство
/Users/daniil/Хакатоны/ЦП СВФО/Data-work/dataset_Coqui/dataset/luga_converted/02_11_2023/2023_11_02__10_40_40.wav,осадить на два вагона
/Users/daniil/Хакатоны/ЦП СВФО/Data-work/dataset_Coqui/dataset/luga_converted/21_11_2023/2023_11_21__13_03_51.wav,остановка
/Users/daniil/Хакатоны/ЦП СВФО/Data-work/dataset_Coqui/dataset/luga_converted/15_11_2023/2023_11_15__11_27_06.wav,вперед с башмака
/Users/daniil/Хакатоны/ЦП СВФО/Data-work/dataset_Coqui/dataset/luga_converted/15_11_2023/2023_11_15__10_31_56.wav,протянуть на шестнадцать вагонов
/Users/daniil/Хакатоны/ЦП СВФО/Data-work/dataset_Coqui/dataset/luga_converted/21_11_2023/2023_11_21__12_41_25.wav,продолжаем роспуск
/Users/daniil/Хакатоны/ЦП СВФО/Data-work/dataset_Coqui/dataset/luga_converted/02_11_2023/2023_11_02__10_50_25.wav,протянуть на двенадцать вагонов
/Users/daniil/Хакатоны/ЦП СВФО/Data-work/dataset_Coqui/dataset/luga_converted/15_11_2023/2023_11_15__11_23_25.wav,тормозить
/Users/daniil/Хакатоны/ЦП СВФО/Data-work/dataset_Coqui/dataset/luga_converted/21_11_2023/2023_11_21__13_06_12.wav,протянуть на двенадцать вагонов
/Users/daniil/Хакатоны/ЦП СВФО/Data-work/dataset_Coqui/dataset/luga_converted/11_10_2023/2023_10_11__09_33_03.wav,продолжаем роспуск
/Users/daniil/Хакатоны/ЦП СВФО/Data-work/dataset_Coqui/dataset/luga_converted/15_11_2023/2023_11_15__10_27_53.wav,сжать автосцепки
/Users/daniil/Хакатоны/ЦП СВФО/Data-work/dataset_Coqui/dataset/luga_converted/03_07_2023/3fa20ca8-846e-11ee-9535-c09bf4619c03.wav,захожу в межвагонное пространство
/Users/daniil/Хакатоны/ЦП СВФО/Data-work/dataset_Coqui/dataset/luga_converted/21_11_2023/2023_11_21__12_05_04.wav,назад с башмака
/Users/daniil/Хакатоны/ЦП СВФО/Data-work/dataset_Coqui/dataset/luga_converted/15_11_2023/2023_11_15__10_20_58.wav,остановка
/Users/daniil/Хакатоны/ЦП СВФО/Data-work/dataset_Coqui/dataset/luga_converted/03_07_2023/3f99c81e-846e-11ee-af7b-c09bf4619c03.wav,осадить на двенадцать вагонов
/Users/daniil/Хакатоны/ЦП СВФО/Data-work/dataset_Coqui/dataset/luga_converted/03_07_2023/3fac600c-846e-11ee-a936-c09bf4619c03.wav,осадить на десять вагонов
/Users/daniil/Хакатоны/ЦП СВФО/Data-work/dataset_Coqui/dataset/luga_converted/21_11_2023/2023_11_21__10_06_18.wav,осадить на двадцать восемь вагонов
/Users/daniil/Хакатоны/ЦП СВФО/Data-work/dataset_Coqui/dataset/luga_converted/03_07_2023/3fbc3f22-846e-11ee-9af5-c09bf4619c03.wav,осадить на три вагона
/Users/daniil/Хакатоны/ЦП СВФО/Data-work/dataset_Coqui/dataset/luga_converted/03_07_2023/3fa83ab7-846e-11ee-a62e-c09bf4619c03.wav,протянуть на два вагона
/Users/daniil/Хакатоны/ЦП СВФО/Data-work/dataset_Coqui/dataset/luga_converted/21_11_2023/2023_11_21__10_29_41.wav,отпустить
/Users/daniil/Хакатоны/ЦП СВФО/Data-work/dataset_Coqui/dataset/luga_converted/15_11_2023/2023_11_15__11_44_13.wav,вышел из межвагонного пространства
/Users/daniil/Хакатоны/ЦП СВФО/Data-work/dataset_Coqui/dataset/luga_converted/11_10_2023/2023_10_11__09_43_53.wav,подтверждение
/Users/daniil/Хакатоны/ЦП СВФО/Data-work/dataset_Coqui/dataset/luga_converted/02_11_2023/2023_11_02__10_50_53.wav,протянуть на пять вагонов
/Users/daniil/Хакатоны/ЦП СВФО/Data-work/dataset_Coqui/dataset/luga_converted/15_11_2023/2023_11_15__11_18_44.wav,прекратить зарядку тормозной магистрали
/Users/daniil/Хакатоны/ЦП СВФО/Data-work/dataset_Coqui/dataset/luga_converted/21_11_2023/2023_11_21__13_13_40.wav,осадить на двадцать восемь вагонов
/Users/daniil/Хакатоны/ЦП СВФО/Data-work/dataset_Coqui/dataset/luga_converted/03_07_2023/3fa94428-846e-11ee-a9ba-c09bf4619c03.wav,протянуть на два вагона
/Users/daniil/Хакатоны/ЦП СВФО/Data-work/dataset_Coqui/dataset/luga_converted/15_11_2023/2023_11_15__11_23_56.wav,захожу в межвагонное пространство
/Users/daniil/Хакатоны/ЦП СВФО/Data-work/dataset_Coqui/dataset/luga_converted/15_11_2023/2023_11_15__10_23_14.wav,сжать автосцепки
/Users/daniil/Хакатоны/ЦП СВФО/Data-work/dataset_Coqui/dataset/luga_converted/02_11_2023/2023_11_02__10_50_38.wav,протянуть на двадцать шесть вагонов
/Users/daniil/Хакатоны/ЦП СВФО/Data-work/dataset_Coqui/dataset/luga_converted/15_11_2023/2023_11_15__11_15_53.wav,вперед с башмака
/Users/daniil/Хакатоны/ЦП СВФО/Data-work/dataset_Coqui/dataset/luga_converted/15_11_2023/2023_11_15__10_28_30.wav,тормозить
/Users/daniil/Хакатоны/ЦП СВФО/Data-work/dataset_Coqui/dataset/luga_converted/21_11_2023/2023_11_21__13_12_28.wav,протянуть на двадцать восемь вагонов
/Users/daniil/Хакатоны/ЦП СВФО/Data-work/dataset_Coqui/dataset/luga_converted/21_11_2023/2023_11_21__10_02_37.wav,протянуть на восемнадцать вагонов
/Users/daniil/Хакатоны/ЦП СВФО/Data-work/dataset_Coqui/dataset/luga_converted/21_11_2023/2023_11_21__10_36_42.wav,осадить на семнадцать вагонов
/Users/daniil/Хакатоны/ЦП СВФО/Data-work/dataset_Coqui/dataset/luga_converted/03_07_2023/3fc2a49f-846e-11ee-81cf-c09bf4619c03.wav,растянуть автосцепки
/Users/daniil/Хакатоны/ЦП СВФО/Data-work/dataset_Coqui/dataset/luga_converted/03_07_2023/3f9c25c3-846e-11ee-80f9-c09bf4619c03.wav,осадить на два вагона
/Users/daniil/Хакатоны/ЦП СВФО/Data-work/dataset_Coqui/dataset/luga_converted/21_11_2023/2023_11_21__10_26_30.wav,вперед на башмак
/Users/daniil/Хакатоны/ЦП СВФО/Data-work/dataset_Coqui/dataset/luga_converted/03_07_2023/3f997323-846e-11ee-a32e-c09bf4619c03.wav,осадить на двенадцать вагонов
/Users/daniil/Хакатоны/ЦП СВФО/Data-work/dataset_Coqui/dataset/luga_converted/15_11_2023/2023_11_15__11_28_09.wav,захожу в межвагонное пространство
/Users/daniil/Хакатоны/ЦП СВФО/Data-work/dataset_Coqui/dataset/luga_converted/03_07_2023/3fbcefa5-846e-11ee-9d6c-c09bf4619c03.wav,осадить на семь вагонов
/Users/daniil/Хакатоны/ЦП СВФО/Data-work/dataset_Coqui/dataset/luga_converted/11_10_2023/2023_10_11__10_12_30.wav,остановка
/Users/daniil/Хакатоны/ЦП СВФО/Data-work/dataset_Coqui/dataset/luga_converted/03_07_2023/3fa1eb71-846e-11ee-adf6-c09bf4619c03.wav,отцепка
/Users/daniil/Хакатоны/ЦП СВФО/Data-work/dataset_Coqui/dataset/luga_converted/03_07_2023/3fc2b316-846e-11ee-ad48-c09bf4619c03.wav,зарядка тормозной магистрали
/Users/daniil/Хакатоны/ЦП СВФО/Data-work/dataset_Coqui/dataset/luga_converted/21_11_2023/2023_11_21__13_07_58.wav,осадить на двенадцать вагонов
/Users/daniil/Хакатоны/ЦП СВФО/Data-work/dataset_Coqui/dataset/luga_converted/15_11_2023/2023_11_15__11_37_20.wav,назад с башмака
/Users/daniil/Хакатоны/ЦП СВФО/Data-work/dataset_Coqui/dataset/luga_converted/15_11_2023/2023_11_15__11_23_15.wav,начать осаживание
/Users/daniil/Хакатоны/ЦП СВФО/Data-work/dataset_Coqui/dataset/luga_converted/03_07_2023/3fb80da8-846e-11ee-b0dd-c09bf4619c03.wav,протянуть на десять вагонов
/Users/daniil/Хакатоны/ЦП СВФО/Data-work/dataset_Coqui/dataset/luga_converted/03_07_2023/3fb27887-846e-11ee-a16c-c09bf4619c03.wav,осадить на двенадцать вагонов
/Users/daniil/Хакатоны/ЦП СВФО/Data-work/dataset_Coqui/dataset/luga_converted/21_11_2023/2023_11_21__10_31_34.wav,отцепка
/Users/daniil/Хакатоны/ЦП СВФО/Data-work/dataset_Coqui/dataset/luga_converted/15_11_2023/2023_11_15__11_37_33.wav,назад с башмака
/Users/daniil/Хакатоны/ЦП СВФО/Data-work/dataset_Coqui/dataset/luga_converted/21_11_2023/2023_11_21__10_28_41.wav,назад с башмака
/Users/daniil/Хакатоны/ЦП СВФО/Data-work/dataset_Coqui/dataset/luga_converted/21_11_2023/2023_11_21__12_43_10.wav,протянуть на двадцать шесть вагонов
/Users/daniil/Хакатоны/ЦП СВФО/Data-work/dataset_Coqui/dataset/luga_converted/11_10_2023/2023_10_11__10_13_26.wav,протянуть на три вагона
/Users/daniil/Хакатоны/ЦП СВФО/Data-work/dataset_Coqui/dataset/luga_converted/02_11_2023/2023_11_02__10_46_38.wav,осадить на три вагона
/Users/daniil/Хакатоны/ЦП СВФО/Data-work/dataset_Coqui/dataset/luga_converted/02_11_2023/2023_11_02__10_33_44.wav,вышел из межвагонного пространства
/Users/daniil/Хакатоны/ЦП СВФО/Data-work/dataset_Coqui/dataset/luga_converted/21_11_2023/2023_11_21__12_36_34.wav,остановка
/Users/daniil/Хакатоны/ЦП СВФО/Data-work/dataset_Coqui/dataset/luga_converted/15_11_2023/2023_11_15__11_14_22.wav,протянуть на шесть вагонов
/Users/daniil/Хакатоны/ЦП СВФО/Data-work/dataset_Coqui/dataset/luga_converted/15_11_2023/2023_11_15__10_34_44.wav,отцепка
/Users/daniil/Хакатоны/ЦП СВФО/Data-work/dataset_Coqui/dataset/luga_converted/03_07_2023/3fa994df-846e-11ee-9e0f-c09bf4619c03.wav,зарядка тормозной магистрали
/Users/daniil/Хакатоны/ЦП СВФО/Data-work/dataset_Coqui/dataset/luga_converted/15_11_2023/2023_11_15__11_17_53.wav,растянуть автосцепки
/Users/daniil/Хакатоны/ЦП СВФО/Data-work/dataset_Coqui/dataset/luga_converted/15_11_2023/2023_11_15__11_36_57.wav,вперед с башмака
/Users/daniil/Хакатоны/ЦП СВФО/Data-work/dataset_Coqui/dataset/luga_converted/02_11_2023/2023_11_02__10_52_41.wav,тормозить
/Users/daniil/Хакатоны/ЦП СВФО/Data-work/dataset_Coqui/dataset/luga_converted/03_07_2023/3faac05c-846e-11ee-a609-c09bf4619c03.wav,осадить на шесть вагонов
/Users/daniil/Хакатоны/ЦП СВФО/Data-work/dataset_Coqui/dataset/luga_converted/11_10_2023/2023_10_11__09_43_30.wav,тормозить
/Users/daniil/Хакатоны/ЦП СВФО/Data-work/dataset_Coqui/dataset/luga_converted/21_11_2023/2023_11_21__12_35_17.wav,вперед на башмак
/Users/daniil/Хакатоны/ЦП СВФО/Data-work/dataset_Coqui/dataset/luga_converted/03_07_2023/3f99dc8e-846e-11ee-af0c-c09bf4619c03.wav,осадить на четыре вагона
/Users/daniil/Хакатоны/ЦП СВФО/Data-work/dataset_Coqui/dataset/luga_converted/03_07_2023/3fbb2672-846e-11ee-aadc-c09bf4619c03.wav,осадить на шестнадцать вагонов
/Users/daniil/Хакатоны/ЦП СВФО/Data-work/dataset_Coqui/dataset/luga_converted/11_10_2023/2023_10_11__09_33_15.wav,назад на башмак
/Users/daniil/Хакатоны/ЦП СВФО/Data-work/dataset_Coqui/dataset/luga_converted/03_07_2023/3fa89ffd-846e-11ee-928e-c09bf4619c03.wav,протянуть на девятнадцать вагонов
/Users/daniil/Хакатоны/ЦП СВФО/Data-work/dataset_Coqui/dataset/luga_converted/15_11_2023/2023_11_15__10_16_27.wav,осадить на десять вагонов
/Users/daniil/Хакатоны/ЦП СВФО/Data-work/dataset_Coqui/dataset/luga_converted/03_07_2023/3fb12579-846e-11ee-a97e-c09bf4619c03.wav,осадить на девятнадцать вагонов
/Users/daniil/Хакатоны/ЦП СВФО/Data-work/dataset_Coqui/dataset/luga_converted/21_11_2023/2023_11_21__12_07_46.wav,протянуть на двенадцать вагонов
/Users/daniil/Хакатоны/ЦП СВФО/Data-work/dataset_Coqui/dataset/luga_converted/03_07_2023/3f9fb1eb-846e-11ee-a273-c09bf4619c03.wav,осадить на пять вагонов
/Users/daniil/Хакатоны/ЦП СВФО/Data-work/dataset_Coqui/dataset/luga_converted/03_07_2023/3fb787ef-846e-11ee-ad67-c09bf4619c03.wav,протянуть на девять вагонов
/Users/daniil/Хакатоны/ЦП СВФО/Data-work/dataset_Coqui/dataset/luga_converted/21_11_2023/2023_11_21__10_32_52.wav,протянуть на шестнадцать вагонов
/Users/daniil/Хакатоны/ЦП СВФО/Data-work/dataset_Coqui/dataset/luga_converted/15_11_2023/2023_11_15__09_44_59.wav,отцепка
/Users/daniil/Хакатоны/ЦП СВФО/Data-work/dataset_Coqui/dataset/luga_converted/11_10_2023/2023_10_11__09_42_57.wav,отцепка
/Users/daniil/Хакатоны/ЦП СВФО/Data-work/dataset_Coqui/dataset/luga_converted/21_11_2023/2023_11_21__10_45_11.wav,протянуть на двадцать восемь вагонов
/Users/daniil/Хакатоны/ЦП СВФО/Data-work/dataset_Coqui/dataset/luga_converted/21_11_2023/2023_11_21__10_48_13.wav,отказ
/Users/daniil/Хакатоны/ЦП СВФО/Data-work/dataset_Coqui/dataset/luga_converted/03_07_2023/3fb8a697-846e-11ee-8f45-c09bf4619c03.wav,протянуть на семь вагонов
/Users/daniil/Хакатоны/ЦП СВФО/Data-work/dataset_Coqui/dataset/luga_converted/21_11_2023/2023_11_21__12_37_36.wav,отмена
/Users/daniil/Хакатоны/ЦП СВФО/Data-work/dataset_Coqui/dataset/luga_converted/21_11_2023/2023_11_21__10_01_59.wav,протянуть на шестнадцать вагонов
/Users/daniil/Хакатоны/ЦП СВФО/Data-work/dataset_Coqui/dataset/luga_converted/15_11_2023/2023_11_15__11_42_36.wav,тормозить
/Users/daniil/Хакатоны/ЦП СВФО/Data-work/dataset_Coqui/dataset/luga_converted/21_11_2023/2023_11_21__13_08_16.wav,осадить на шестнадцать вагонов
/Users/daniil/Хакатоны/ЦП СВФО/Data-work/dataset_Coqui/dataset/luga_converted/03_07_2023/3fa66440-846e-11ee-b9db-c09bf4619c03.wav,протянуть на двенадцать вагонов
